{
  "root" : {
    "__class" : "RootNode",
    "children" : [
      {
        "__class" : "FrameNode",
        "aspectRatio" : null,
        "blendingEnabled" : 0,
        "blendingMode" : "normal",
        "blur" : 12,
        "blurEnabled" : 0,
        "blurType" : "layer",
        "borderBottom" : 1,
        "borderColor" : "#222",
        "borderEnabled" : 0,
        "borderLeft" : 1,
        "borderPerSide" : false,
        "borderRight" : 1,
        "borderStyle" : "solid",
        "borderTop" : 1,
        "borderWidth" : 1,
        "bottom" : null,
        "boxShadows" : [

        ],
        "brightness" : 100,
        "brightnessEnabled" : 0,
        "centerAnchorX" : 0,
        "centerAnchorY" : 0,
        "children" : [
          {
            "__class" : "FrameNode",
            "aspectRatio" : null,
            "blendingEnabled" : 0,
            "blendingMode" : "normal",
            "blur" : 12,
            "blurEnabled" : 0,
            "blurType" : "layer",
            "borderBottom" : 1,
            "borderColor" : "#222",
            "borderEnabled" : 0,
            "borderLeft" : 1,
            "borderPerSide" : false,
            "borderRight" : 1,
            "borderStyle" : "solid",
            "borderTop" : 1,
            "borderWidth" : 1,
            "bottom" : 0,
            "boxShadows" : [

            ],
            "brightness" : 100,
            "brightnessEnabled" : 0,
            "centerAnchorX" : 0.49866666666666665,
            "centerAnchorY" : 0.5,
            "children" : [

            ],
            "clip" : false,
            "codeOverrideEnabled" : false,
            "constraintsLocked" : false,
            "contrast" : 100,
            "contrastEnabled" : 0,
            "deviceType" : null,
            "exportOptions" : [

            ],
            "fillColor" : "rgba(189, 189, 189, 1.00)",
            "fillEnabled" : true,
            "fillGradient" : {
              "__class" : "LinearGradient",
              "alpha" : 1,
              "angle" : 0,
              "end" : "rgba(0,0,0,0)",
              "start" : "black"
            },
            "fillImage" : null,
            "fillImagePixelHeight" : null,
            "fillImagePixelWidth" : null,
            "fillImageResize" : "fill",
            "fillType" : "color",
            "grayscale" : 0,
            "grayScaleEnabled" : 0,
            "height" : 812,
            "heightType" : 0,
            "hueRotate" : 0,
            "hueRotateEnabled" : 0,
            "id" : "csQ5lSktx",
            "intrinsicHeight" : null,
            "intrinsicWidth" : null,
            "invert" : 0,
            "invertEnabled" : 0,
            "isExternalMaster" : null,
            "isMaster" : false,
            "isTarget" : false,
            "left" : 0,
            "locked" : false,
            "name" : null,
            "navigationTarget" : null,
            "navigationTransition" : "push",
            "navigationTransitionDirection" : "left",
            "opacity" : 1,
            "originalid" : null,
            "parentid" : "gdDiD5jW7",
            "previewSettings" : null,
            "radius" : 0,
            "radiusBottomLeft" : 0,
            "radiusBottomRight" : 0,
            "radiusIsRelative" : false,
            "radiusPerCorner" : false,
            "radiusTopLeft" : 0,
            "radiusTopRight" : 0,
            "replicaInfo" : null,
            "right" : 1,
            "rotation" : 0,
            "saturate" : 100,
            "saturateEnabled" : 0,
            "sepia" : 0,
            "sepiaEnabled" : 0,
            "top" : 0,
            "visible" : true,
            "width" : 374,
            "widthType" : 0
          },
          {
            "__class" : "CodeComponentNode",
            "aspectRatio" : null,
            "blur" : 12,
            "blurEnabled" : 0,
            "blurType" : "layer",
            "borderBottom" : 1,
            "borderColor" : "#222",
            "borderEnabled" : 0,
            "borderLeft" : 1,
            "borderPerSide" : false,
            "borderRight" : 1,
            "borderStyle" : "solid",
            "borderTop" : 1,
            "borderWidth" : 1,
            "bottom" : 40,
            "boxShadows" : [

            ],
            "brightness" : 100,
            "brightnessEnabled" : 0,
            "centerAnchorX" : 0.49866666666666665,
            "centerAnchorY" : 0.58866995073891626,
            "children" : [

            ],
            "clip" : true,
            "codeComponentIdentifier" : ".\/repeater_component.tsx_repeater_component",
            "codeComponentProps" : {
              "children" : "Ij3UAMqpV",
              "columns" : 9,
              "rows" : 10
            },
            "codeOverrideEnabled" : false,
            "constraintsLocked" : false,
            "contrast" : 100,
            "contrastEnabled" : 0,
            "exportOptions" : [

            ],
            "fillColor" : "rgba(255,255,255,1)",
            "fillEnabled" : false,
            "fillGradient" : {
              "__class" : "LinearGradient",
              "alpha" : 1,
              "angle" : 0,
              "end" : "rgba(0,0,0,0)",
              "start" : "black"
            },
            "fillImage" : null,
            "fillImagePixelHeight" : null,
            "fillImagePixelWidth" : null,
            "fillImageResize" : "fill",
            "fillType" : "color",
            "grayscale" : 0,
            "grayScaleEnabled" : 0,
            "height" : 588,
            "heightType" : 0,
            "hueRotate" : 0,
            "hueRotateEnabled" : 0,
            "id" : "FJgH96p7P",
            "intrinsicHeight" : null,
            "intrinsicWidth" : null,
            "invert" : 0,
            "invertEnabled" : 0,
            "left" : 4,
            "locked" : false,
            "name" : null,
            "opacity" : 1,
            "originalid" : null,
            "parentid" : "gdDiD5jW7",
            "radius" : 0,
            "radiusBottomLeft" : 0,
            "radiusBottomRight" : 0,
            "radiusIsRelative" : false,
            "radiusPerCorner" : false,
            "radiusTopLeft" : 0,
            "radiusTopRight" : 0,
            "right" : 5,
            "rotation" : 0,
            "saturate" : 100,
            "saturateEnabled" : 0,
            "sepia" : 0,
            "sepiaEnabled" : 0,
            "top" : null,
            "visible" : true,
            "width" : 366,
            "widthType" : 0
          },
          {
            "__class" : "CodeComponentNode",
            "aspectRatio" : null,
            "blur" : 12,
            "blurEnabled" : 0,
            "blurType" : "layer",
            "borderBottom" : 1,
            "borderColor" : "#222",
            "borderEnabled" : 0,
            "borderLeft" : 1,
            "borderPerSide" : false,
            "borderRight" : 1,
            "borderStyle" : "solid",
            "borderTop" : 1,
            "borderWidth" : 1,
            "bottom" : null,
            "boxShadows" : [

            ],
            "brightness" : 100,
            "brightnessEnabled" : 0,
            "centerAnchorX" : 0.5,
            "centerAnchorY" : 0.17795566502463053,
            "children" : [

            ],
            "clip" : true,
            "codeComponentIdentifier" : "@framer\/benjamin.web-fonts\/.\/Font.tsx_WebFont",
            "codeComponentProps" : {
              "align" : "center",
              "color" : "hsl(0, 0%, 100%)",
              "direction" : "ltr",
              "font" : "VT323",
              "line" : 1,
              "size" : 40,
              "spacing" : 0,
              "style" : "normal",
              "text" : "This sweeper of mine",
              "weight" : "700"
            },
            "codeOverrideEnabled" : true,
            "codeOverrideFile" : ".\/App.tsx",
            "constraintsLocked" : false,
            "contrast" : 100,
            "contrastEnabled" : 0,
            "exportOptions" : [

            ],
            "fillColor" : "rgba(255,255,255,1)",
            "fillEnabled" : false,
            "fillGradient" : {
              "__class" : "LinearGradient",
              "alpha" : 1,
              "angle" : 0,
              "end" : "rgba(0,0,0,0)",
              "start" : "black"
            },
            "fillImage" : null,
            "fillImagePixelHeight" : null,
            "fillImagePixelWidth" : null,
            "fillImageResize" : "fill",
            "fillType" : "color",
            "grayscale" : 0,
            "grayScaleEnabled" : 0,
            "height" : 53,
            "heightType" : 0,
            "hueRotate" : 0,
            "hueRotateEnabled" : 0,
            "id" : "obzhh27M8",
            "intrinsicHeight" : null,
            "intrinsicWidth" : null,
            "invert" : 0,
            "invertEnabled" : 0,
            "left" : 0,
            "locked" : false,
            "name" : null,
            "opacity" : 1,
            "originalid" : null,
            "parentid" : "gdDiD5jW7",
            "radius" : 0,
            "radiusBottomLeft" : 0,
            "radiusBottomRight" : 0,
            "radiusIsRelative" : false,
            "radiusPerCorner" : false,
            "radiusTopLeft" : 0,
            "radiusTopRight" : 0,
            "right" : 0,
            "rotation" : 0,
            "saturate" : 100,
            "saturateEnabled" : 0,
            "sepia" : 0,
            "sepiaEnabled" : 0,
            "top" : 118,
            "visible" : true,
            "width" : 375,
            "widthType" : 0
          }
        ],
        "clip" : true,
        "codeOverrideEnabled" : false,
        "constraintsLocked" : false,
        "contrast" : 100,
        "contrastEnabled" : 0,
        "deviceType" : "framer\/FramerAppleIPhoneX",
        "exportOptions" : [

        ],
        "fillColor" : "rgba(255,255,255,1)",
        "fillEnabled" : true,
        "fillGradient" : {
          "__class" : "LinearGradient",
          "alpha" : 1,
          "angle" : 0,
          "end" : "rgba(0,0,0,0)",
          "start" : "black"
        },
        "fillImage" : null,
        "fillImagePixelHeight" : null,
        "fillImagePixelWidth" : null,
        "fillImageResize" : "fill",
        "fillType" : "color",
        "grayscale" : 0,
        "grayScaleEnabled" : 0,
        "height" : 812,
        "heightType" : 0,
        "hueRotate" : 0,
        "hueRotateEnabled" : 0,
        "id" : "gdDiD5jW7",
        "intrinsicHeight" : null,
        "intrinsicWidth" : null,
        "invert" : 0,
        "invertEnabled" : 0,
        "isExternalMaster" : null,
        "isMaster" : false,
        "isTarget" : false,
        "left" : 0,
        "locked" : false,
        "name" : null,
        "navigationTarget" : null,
        "navigationTransition" : "push",
        "navigationTransitionDirection" : "left",
        "opacity" : 1,
        "originalid" : null,
        "parentid" : "jlZfhni0y",
        "previewSettings" : null,
        "radius" : 0,
        "radiusBottomLeft" : 0,
        "radiusBottomRight" : 0,
        "radiusIsRelative" : false,
        "radiusPerCorner" : false,
        "radiusTopLeft" : 0,
        "radiusTopRight" : 0,
        "replicaInfo" : null,
        "right" : null,
        "rotation" : 0,
        "saturate" : 100,
        "saturateEnabled" : 0,
        "sepia" : 0,
        "sepiaEnabled" : 0,
        "top" : 0,
        "visible" : true,
        "width" : 375,
        "widthType" : 0
      },
      {
        "__class" : "CodeComponentNode",
        "aspectRatio" : null,
        "blur" : 12,
        "blurEnabled" : 0,
        "blurType" : "layer",
        "borderBottom" : 1,
        "borderColor" : "#222",
        "borderEnabled" : 0,
        "borderLeft" : 1,
        "borderPerSide" : false,
        "borderRight" : 1,
        "borderStyle" : "solid",
        "borderTop" : 1,
        "borderWidth" : 1,
        "bottom" : null,
        "boxShadows" : [

        ],
        "brightness" : 100,
        "brightnessEnabled" : 0,
        "centerAnchorX" : -0.024,
        "centerAnchorY" : 0.2229064039408867,
        "children" : [

        ],
        "clip" : true,
        "codeComponentIdentifier" : ".\/tile.tsx_tile",
        "codeComponentProps" : {

        },
        "codeOverrideEnabled" : false,
        "constraintsLocked" : false,
        "contrast" : 100,
        "contrastEnabled" : 0,
        "exportOptions" : [

        ],
        "fillColor" : "rgba(255,255,255,1)",
        "fillEnabled" : false,
        "fillGradient" : {
          "__class" : "LinearGradient",
          "alpha" : 1,
          "angle" : 0,
          "end" : "rgba(0,0,0,0)",
          "start" : "black"
        },
        "fillImage" : null,
        "fillImagePixelHeight" : null,
        "fillImagePixelWidth" : null,
        "fillImageResize" : "fill",
        "fillType" : "color",
        "grayscale" : 0,
        "grayScaleEnabled" : 0,
        "height" : 20,
        "heightType" : 0,
        "hueRotate" : 0,
        "hueRotateEnabled" : 0,
        "id" : "qqpVx8DbC",
        "intrinsicHeight" : null,
        "intrinsicWidth" : null,
        "invert" : 0,
        "invertEnabled" : 0,
        "left" : -90,
        "locked" : false,
        "name" : null,
        "opacity" : 1,
        "originalid" : null,
        "parentid" : "jlZfhni0y",
        "radius" : 0,
        "radiusBottomLeft" : 0,
        "radiusBottomRight" : 0,
        "radiusIsRelative" : false,
        "radiusPerCorner" : false,
        "radiusTopLeft" : 0,
        "radiusTopRight" : 0,
        "right" : null,
        "rotation" : 0,
        "saturate" : 100,
        "saturateEnabled" : 0,
        "sepia" : 0,
        "sepiaEnabled" : 0,
        "top" : 219,
        "visible" : true,
        "width" : 20,
        "widthType" : 0
      },
      {
        "__class" : "FrameNode",
        "aspectRatio" : null,
        "blendingEnabled" : 0,
        "blendingMode" : "normal",
        "blur" : 12,
        "blurEnabled" : 0,
        "blurType" : "layer",
        "borderBottom" : 1,
        "borderColor" : "#222",
        "borderEnabled" : 0,
        "borderLeft" : 1,
        "borderPerSide" : false,
        "borderRight" : 1,
        "borderStyle" : "solid",
        "borderTop" : 1,
        "borderWidth" : 1,
        "bottom" : null,
        "boxShadows" : [

        ],
        "brightness" : 100,
        "brightnessEnabled" : 0,
        "centerAnchorX" : 0,
        "centerAnchorY" : 0,
        "children" : [
          {
            "__class" : "CodeComponentNode",
            "aspectRatio" : null,
            "blur" : 12,
            "blurEnabled" : 0,
            "blurType" : "layer",
            "borderBottom" : 1,
            "borderColor" : "#222",
            "borderEnabled" : 0,
            "borderLeft" : 1,
            "borderPerSide" : false,
            "borderRight" : 1,
            "borderStyle" : "solid",
            "borderTop" : 1,
            "borderWidth" : 1,
            "bottom" : 0,
            "boxShadows" : [

            ],
            "brightness" : 100,
            "brightnessEnabled" : 0,
            "centerAnchorX" : 0.5,
            "centerAnchorY" : 0.5,
            "children" : [

            ],
            "clip" : true,
            "codeComponentIdentifier" : ".\/tile.tsx_tile",
            "codeComponentProps" : {

            },
            "codeOverrideEnabled" : false,
            "constraintsLocked" : false,
            "contrast" : 100,
            "contrastEnabled" : 0,
            "exportOptions" : [

            ],
            "fillColor" : "rgba(255,255,255,1)",
            "fillEnabled" : false,
            "fillGradient" : {
              "__class" : "LinearGradient",
              "alpha" : 1,
              "angle" : 0,
              "end" : "rgba(0,0,0,0)",
              "start" : "black"
            },
            "fillImage" : null,
            "fillImagePixelHeight" : null,
            "fillImagePixelWidth" : null,
            "fillImageResize" : "fill",
            "fillType" : "color",
            "grayscale" : 0,
            "grayScaleEnabled" : 0,
            "height" : 20,
            "heightType" : 0,
            "hueRotate" : 0,
            "hueRotateEnabled" : 0,
            "id" : "A0aWhMyUv",
            "intrinsicHeight" : null,
            "intrinsicWidth" : null,
            "invert" : 0,
            "invertEnabled" : 0,
            "left" : 0,
            "locked" : false,
            "name" : null,
            "opacity" : 1,
            "originalid" : null,
            "parentid" : "Ij3UAMqpV",
            "radius" : 0,
            "radiusBottomLeft" : 0,
            "radiusBottomRight" : 0,
            "radiusIsRelative" : false,
            "radiusPerCorner" : false,
            "radiusTopLeft" : 0,
            "radiusTopRight" : 0,
            "right" : 0,
            "rotation" : 0,
            "saturate" : 100,
            "saturateEnabled" : 0,
            "sepia" : 0,
            "sepiaEnabled" : 0,
            "top" : 0,
            "visible" : true,
            "width" : 20,
            "widthType" : 0
          }
        ],
        "clip" : true,
        "codeOverrideEnabled" : false,
        "constraintsLocked" : false,
        "contrast" : 100,
        "contrastEnabled" : 0,
        "deviceType" : null,
        "exportOptions" : [

        ],
        "fillColor" : "white",
        "fillEnabled" : true,
        "fillGradient" : {
          "__class" : "LinearGradient",
          "alpha" : 1,
          "angle" : 0,
          "end" : "rgba(0,0,0,0)",
          "start" : "black"
        },
        "fillImage" : null,
        "fillImagePixelHeight" : null,
        "fillImagePixelWidth" : null,
        "fillImageResize" : "fill",
        "fillType" : "color",
        "grayscale" : 0,
        "grayScaleEnabled" : 0,
        "height" : 40,
        "heightType" : 0,
        "hueRotate" : 0,
        "hueRotateEnabled" : 0,
        "id" : "Ij3UAMqpV",
        "intrinsicHeight" : null,
        "intrinsicWidth" : null,
        "invert" : 0,
        "invertEnabled" : 0,
        "isExternalMaster" : null,
        "isMaster" : false,
        "isTarget" : false,
        "left" : -93,
        "locked" : false,
        "name" : "tileframe",
        "navigationTarget" : null,
        "navigationTransition" : "push",
        "navigationTransitionDirection" : "left",
        "opacity" : 1,
        "originalid" : null,
        "parentid" : "jlZfhni0y",
        "previewSettings" : null,
        "radius" : 0,
        "radiusBottomLeft" : 0,
        "radiusBottomRight" : 0,
        "radiusIsRelative" : false,
        "radiusPerCorner" : false,
        "radiusTopLeft" : 0,
        "radiusTopRight" : 0,
        "replicaInfo" : null,
        "right" : null,
        "rotation" : 0,
        "saturate" : 100,
        "saturateEnabled" : 0,
        "sepia" : 0,
        "sepiaEnabled" : 0,
        "top" : 332,
        "visible" : true,
        "width" : 40,
        "widthType" : 0
      },
      {
        "__class" : "FrameNode",
        "aspectRatio" : null,
        "blendingEnabled" : 0,
        "blendingMode" : "normal",
        "blur" : 12,
        "blurEnabled" : 0,
        "blurType" : "layer",
        "borderBottom" : 1,
        "borderColor" : "#222",
        "borderEnabled" : 0,
        "borderLeft" : 1,
        "borderPerSide" : false,
        "borderRight" : 1,
        "borderStyle" : "solid",
        "borderTop" : 1,
        "borderWidth" : 1,
        "bottom" : null,
        "boxShadows" : [

        ],
        "brightness" : 100,
        "brightnessEnabled" : 0,
        "centerAnchorX" : 0,
        "centerAnchorY" : 0,
        "children" : [
          {
            "__class" : "CodeComponentNode",
            "aspectRatio" : null,
            "blur" : 12,
            "blurEnabled" : 0,
            "blurType" : "layer",
            "borderBottom" : 1,
            "borderColor" : "#222",
            "borderEnabled" : 0,
            "borderLeft" : 1,
            "borderPerSide" : false,
            "borderRight" : 1,
            "borderStyle" : "solid",
            "borderTop" : 1,
            "borderWidth" : 1,
            "bottom" : null,
            "boxShadows" : [

            ],
            "brightness" : 100,
            "brightnessEnabled" : 0,
            "centerAnchorX" : 0.48933333333333334,
            "centerAnchorY" : 0.15517241379310345,
            "children" : [

            ],
            "clip" : true,
            "codeComponentIdentifier" : "@framer\/benjamin.web-fonts\/.\/Font.tsx_WebFont",
            "codeComponentProps" : {
              "align" : "center",
              "color" : "#000",
              "direction" : "ltr",
              "font" : "VT323",
              "line" : 1,
              "size" : 40,
              "spacing" : 0,
              "style" : "normal",
              "text" : "Credits screen",
              "weight" : "700"
            },
            "codeOverrideEnabled" : false,
            "constraintsLocked" : false,
            "contrast" : 100,
            "contrastEnabled" : 0,
            "exportOptions" : [

            ],
            "fillColor" : "rgba(255,255,255,1)",
            "fillEnabled" : false,
            "fillGradient" : {
              "__class" : "LinearGradient",
              "alpha" : 1,
              "angle" : 0,
              "end" : "rgba(0,0,0,0)",
              "start" : "black"
            },
            "fillImage" : null,
            "fillImagePixelHeight" : null,
            "fillImagePixelWidth" : null,
            "fillImageResize" : "fill",
            "fillType" : "color",
            "grayscale" : 0,
            "grayScaleEnabled" : 0,
            "height" : 80,
            "heightType" : 0,
            "hueRotate" : 0,
            "hueRotateEnabled" : 0,
            "id" : "CbJ5uQtPT",
            "intrinsicHeight" : null,
            "intrinsicWidth" : null,
            "invert" : 0,
            "invertEnabled" : 0,
            "left" : -4,
            "locked" : false,
            "name" : null,
            "opacity" : 1,
            "originalid" : null,
            "parentid" : "pdedfTrJJ",
            "radius" : 0,
            "radiusBottomLeft" : 0,
            "radiusBottomRight" : 0,
            "radiusIsRelative" : false,
            "radiusPerCorner" : false,
            "radiusTopLeft" : 0,
            "radiusTopRight" : 0,
            "right" : 4,
            "rotation" : 0,
            "saturate" : 100,
            "saturateEnabled" : 0,
            "sepia" : 0,
            "sepiaEnabled" : 0,
            "top" : 86,
            "visible" : true,
            "width" : 375,
            "widthType" : 0
          },
          {
            "__class" : "FrameNode",
            "aspectRatio" : null,
            "blendingEnabled" : 0,
            "blendingMode" : "normal",
            "blur" : 12,
            "blurEnabled" : 0,
            "blurType" : "layer",
            "borderBottom" : 1,
            "borderColor" : "#222",
            "borderEnabled" : 0,
            "borderLeft" : 1,
            "borderPerSide" : false,
            "borderRight" : 1,
            "borderStyle" : "solid",
            "borderTop" : 1,
            "borderWidth" : 1,
            "bottom" : null,
            "boxShadows" : [

            ],
            "brightness" : 100,
            "brightnessEnabled" : 0,
            "centerAnchorX" : 0,
            "centerAnchorY" : 0,
            "children" : [
              {
                "__class" : "ShapeContainerNode",
                "aspectRatio" : null,
                "autoSize" : true,
                "bottom" : null,
                "centerAnchorX" : 0,
                "centerAnchorY" : 0,
                "children" : [
                  {
                    "__class" : "PathNode",
                    "aspectRatio" : null,
                    "boxShadows" : [

                    ],
                    "exportOptions" : [

                    ],
                    "fillColor" : "rgba(0,170,255,0.5)",
                    "fillEnabled" : true,
                    "fillGradient" : {
                      "__class" : "LinearGradient",
                      "alpha" : 1,
                      "angle" : 270,
                      "end" : "rgba(68,238,200,1)",
                      "start" : "rgba(158,255,240,1)"
                    },
                    "fillImage" : null,
                    "fillImagePixelHeight" : null,
                    "fillImagePixelWidth" : null,
                    "fillImageResize" : "fill",
                    "fillType" : "gradient",
                    "height" : 349.99999999999989,
                    "id" : "VCiQpinTI",
                    "lineCap" : "butt",
                    "lineJoin" : "miter",
                    "locked" : false,
                    "name" : "Rectangle 2",
                    "opacity" : 1,
                    "originalid" : null,
                    "parentid" : "Lk1uoaqQ9",
                    "pathClosed" : true,
                    "pathSegments" : [
                      {
                        "__class" : "PathSegment",
                        "handleInX" : 0,
                        "handleInY" : 0,
                        "handleMirroring" : "straight",
                        "handleOutX" : 0,
                        "handleOutY" : 0,
                        "radius" : 0,
                        "x" : 0,
                        "y" : 0
                      },
                      {
                        "__class" : "PathSegment",
                        "handleInX" : 0,
                        "handleInY" : 0,
                        "handleMirroring" : "straight",
                        "handleOutX" : 0,
                        "handleOutY" : 0,
                        "radius" : 0,
                        "x" : 152.99999999999989,
                        "y" : 0
                      },
                      {
                        "__class" : "PathSegment",
                        "handleInX" : 0,
                        "handleInY" : 0,
                        "handleMirroring" : "straight",
                        "handleOutX" : 0,
                        "handleOutY" : 0,
                        "radius" : 0,
                        "x" : 152.99999999999989,
                        "y" : 349.99999999999989
                      },
                      {
                        "__class" : "PathSegment",
                        "handleInX" : 0,
                        "handleInY" : 0,
                        "handleMirroring" : "straight",
                        "handleOutX" : 0,
                        "handleOutY" : 0,
                        "radius" : 0,
                        "x" : 0,
                        "y" : 349.99999999999989
                      }
                    ],
                    "rotation" : -270,
                    "strokeAlignment" : "inside",
                    "strokeColor" : "rgba(0,0,0,1)",
                    "strokeDashArray" : "0",
                    "strokeDashOffset" : 0,
                    "strokeEnabled" : 0,
                    "strokeMiterLimit" : 10,
                    "strokeWidth" : 1,
                    "visible" : true,
                    "width" : 152.99999999999989,
                    "x" : 98.500000000000028,
                    "y" : -97.5
                  }
                ],
                "constraintsLocked" : false,
                "exportIncludesBackground" : false,
                "exportOptions" : [

                ],
                "fillColor" : "#FFF",
                "fillEnabled" : false,
                "fillGradient" : {
                  "__class" : "LinearGradient",
                  "alpha" : 1,
                  "angle" : 0,
                  "end" : "rgba(0,0,0,0)",
                  "start" : "black"
                },
                "fillImage" : null,
                "fillImagePixelHeight" : null,
                "fillImagePixelWidth" : null,
                "fillImageResize" : "fill",
                "fillType" : "color",
                "height" : 154,
                "heightType" : 0,
                "id" : "Lk1uoaqQ9",
                "left" : 0,
                "locked" : false,
                "name" : null,
                "navigationTarget" : null,
                "navigationTransition" : "push",
                "navigationTransitionDirection" : "left",
                "originalid" : null,
                "parentid" : "SjvCOJNYh",
                "radius" : 0,
                "radiusBottomLeft" : 0,
                "radiusBottomRight" : 0,
                "radiusPerCorner" : false,
                "radiusTopLeft" : 0,
                "radiusTopRight" : 0,
                "right" : null,
                "rotation" : 0,
                "top" : -1,
                "visible" : true,
                "width" : 350,
                "widthType" : 0
              },
              {
                "__class" : "ShapeContainerNode",
                "aspectRatio" : null,
                "autoSize" : true,
                "bottom" : null,
                "centerAnchorX" : 0,
                "centerAnchorY" : 0,
                "children" : [
                  {
                    "__class" : "PathNode",
                    "aspectRatio" : null,
                    "boxShadows" : [

                    ],
                    "exportOptions" : [

                    ],
                    "fillColor" : "rgba(245,166,35,1)",
                    "fillEnabled" : true,
                    "fillGradient" : {
                      "__class" : "LinearGradient",
                      "alpha" : 1,
                      "angle" : 0,
                      "end" : "rgba(0,0,0,0)",
                      "start" : "black"
                    },
                    "fillImage" : null,
                    "fillImagePixelHeight" : null,
                    "fillImagePixelWidth" : null,
                    "fillImageResize" : "fill",
                    "fillType" : "color",
                    "height" : 152,
                    "id" : "vvvF0iemF",
                    "lineCap" : "butt",
                    "lineJoin" : "miter",
                    "locked" : false,
                    "name" : "Oval",
                    "opacity" : 1,
                    "originalid" : null,
                    "parentid" : "bh4cVovpR",
                    "pathClosed" : true,
                    "pathSegments" : [
                      {
                        "__class" : "PathSegment",
                        "handleInX" : -41.973640984799999,
                        "handleInY" : 0,
                        "handleMirroring" : "symmetric",
                        "handleOutX" : 41.973640984799999,
                        "handleOutY" : 0,
                        "radius" : 0,
                        "x" : 76,
                        "y" : 152
                      },
                      {
                        "__class" : "PathSegment",
                        "handleInX" : 0,
                        "handleInY" : 41.973640984799999,
                        "handleMirroring" : "symmetric",
                        "handleOutX" : 0,
                        "handleOutY" : -41.973640984799999,
                        "radius" : 0,
                        "x" : 152,
                        "y" : 76
                      },
                      {
                        "__class" : "PathSegment",
                        "handleInX" : 41.973640984799999,
                        "handleInY" : 0,
                        "handleMirroring" : "symmetric",
                        "handleOutX" : -41.973640984799999,
                        "handleOutY" : 0,
                        "radius" : 0,
                        "x" : 76,
                        "y" : 0
                      },
                      {
                        "__class" : "PathSegment",
                        "handleInX" : 0,
                        "handleInY" : -41.973640984799999,
                        "handleMirroring" : "symmetric",
                        "handleOutX" : 0,
                        "handleOutY" : 41.973640984799999,
                        "radius" : 0,
                        "x" : 0,
                        "y" : 76
                      }
                    ],
                    "rotation" : 0,
                    "strokeAlignment" : "center",
                    "strokeColor" : "rgba(0,0,0,1)",
                    "strokeDashArray" : "0",
                    "strokeDashOffset" : 0,
                    "strokeEnabled" : 0,
                    "strokeMiterLimit" : 10,
                    "strokeWidth" : 1,
                    "visible" : true,
                    "width" : 152,
                    "x" : 0,
                    "y" : 0
                  }
                ],
                "constraintsLocked" : false,
                "exportIncludesBackground" : false,
                "exportOptions" : [

                ],
                "fillColor" : "#FFF",
                "fillEnabled" : false,
                "fillGradient" : {
                  "__class" : "LinearGradient",
                  "alpha" : 1,
                  "angle" : 0,
                  "end" : "rgba(0,0,0,0)",
                  "start" : "black"
                },
                "fillImage" : null,
                "fillImagePixelHeight" : null,
                "fillImagePixelWidth" : null,
                "fillImageResize" : "fill",
                "fillType" : "color",
                "height" : 152,
                "heightType" : 0,
                "id" : "bh4cVovpR",
                "left" : 99,
                "locked" : false,
                "name" : null,
                "navigationTarget" : null,
                "navigationTransition" : "push",
                "navigationTransitionDirection" : "left",
                "originalid" : null,
                "parentid" : "SjvCOJNYh",
                "radius" : 0,
                "radiusBottomLeft" : 0,
                "radiusBottomRight" : 0,
                "radiusPerCorner" : false,
                "radiusTopLeft" : 0,
                "radiusTopRight" : 0,
                "right" : null,
                "rotation" : 0,
                "top" : 68,
                "visible" : true,
                "width" : 152,
                "widthType" : 0
              },
              {
                "__class" : "ShapeContainerNode",
                "aspectRatio" : null,
                "autoSize" : true,
                "bottom" : null,
                "centerAnchorX" : 0,
                "centerAnchorY" : 0,
                "children" : [
                  {
                    "__class" : "PathNode",
                    "aspectRatio" : null,
                    "boxShadows" : [

                    ],
                    "exportOptions" : [

                    ],
                    "fillColor" : "rgba(0,170,255,0.5)",
                    "fillEnabled" : true,
                    "fillGradient" : {
                      "__class" : "LinearGradient",
                      "alpha" : 1,
                      "angle" : 90,
                      "end" : "rgba(83,160,253,1)",
                      "start" : "rgba(180,236,81,1)"
                    },
                    "fillImage" : null,
                    "fillImagePixelHeight" : null,
                    "fillImagePixelWidth" : null,
                    "fillImageResize" : "fill",
                    "fillType" : "gradient",
                    "height" : 349.99999999999989,
                    "id" : "ekPI7_SYn",
                    "lineCap" : "butt",
                    "lineJoin" : "miter",
                    "locked" : false,
                    "name" : "Rectangle 2",
                    "opacity" : 1,
                    "originalid" : null,
                    "parentid" : "LP6c9hfXN",
                    "pathClosed" : true,
                    "pathSegments" : [
                      {
                        "__class" : "PathSegment",
                        "handleInX" : 0,
                        "handleInY" : 0,
                        "handleMirroring" : "straight",
                        "handleOutX" : 0,
                        "handleOutY" : 0,
                        "radius" : 0,
                        "x" : 0,
                        "y" : 0
                      },
                      {
                        "__class" : "PathSegment",
                        "handleInX" : 0,
                        "handleInY" : 0,
                        "handleMirroring" : "straight",
                        "handleOutX" : 0,
                        "handleOutY" : 0,
                        "radius" : 0,
                        "x" : 152.99999999999989,
                        "y" : 0
                      },
                      {
                        "__class" : "PathSegment",
                        "handleInX" : 0,
                        "handleInY" : 0,
                        "handleMirroring" : "straight",
                        "handleOutX" : 0,
                        "handleOutY" : 0,
                        "radius" : 0,
                        "x" : 152.99999999999989,
                        "y" : 349.99999999999989
                      },
                      {
                        "__class" : "PathSegment",
                        "handleInX" : 0,
                        "handleInY" : 0,
                        "handleMirroring" : "straight",
                        "handleOutX" : 0,
                        "handleOutY" : 0,
                        "radius" : 0,
                        "x" : 0,
                        "y" : 349.99999999999989
                      }
                    ],
                    "rotation" : -270,
                    "strokeAlignment" : "inside",
                    "strokeColor" : "rgba(0,0,0,1)",
                    "strokeDashArray" : "0",
                    "strokeDashOffset" : 0,
                    "strokeEnabled" : 0,
                    "strokeMiterLimit" : 10,
                    "strokeWidth" : 1,
                    "visible" : true,
                    "width" : 152.99999999999989,
                    "x" : 98.500000000000057,
                    "y" : -97.500000000000028
                  }
                ],
                "constraintsLocked" : false,
                "exportIncludesBackground" : false,
                "exportOptions" : [

                ],
                "fillColor" : "#FFF",
                "fillEnabled" : false,
                "fillGradient" : {
                  "__class" : "LinearGradient",
                  "alpha" : 1,
                  "angle" : 0,
                  "end" : "rgba(0,0,0,0)",
                  "start" : "black"
                },
                "fillImage" : null,
                "fillImagePixelHeight" : null,
                "fillImagePixelWidth" : null,
                "fillImageResize" : "fill",
                "fillType" : "color",
                "height" : 154,
                "heightType" : 0,
                "id" : "LP6c9hfXN",
                "left" : 0,
                "locked" : false,
                "name" : null,
                "navigationTarget" : null,
                "navigationTransition" : "push",
                "navigationTransitionDirection" : "left",
                "originalid" : null,
                "parentid" : "SjvCOJNYh",
                "radius" : 0,
                "radiusBottomLeft" : 0,
                "radiusBottomRight" : 0,
                "radiusPerCorner" : false,
                "radiusTopLeft" : 0,
                "radiusTopRight" : 0,
                "right" : null,
                "rotation" : 0,
                "top" : 152,
                "visible" : true,
                "width" : 350,
                "widthType" : 0
              },
              {
                "__class" : "ShapeContainerNode",
                "aspectRatio" : null,
                "autoSize" : true,
                "bottom" : null,
                "centerAnchorX" : 0,
                "centerAnchorY" : 0,
                "children" : [
                  {
                    "__class" : "PathNode",
                    "aspectRatio" : null,
                    "boxShadows" : [

                    ],
                    "exportOptions" : [

                    ],
                    "fillColor" : "rgba(126,211,33,1)",
                    "fillEnabled" : true,
                    "fillGradient" : {
                      "__class" : "LinearGradient",
                      "alpha" : 1,
                      "angle" : 0,
                      "end" : "rgba(0,0,0,0)",
                      "start" : "black"
                    },
                    "fillImage" : null,
                    "fillImagePixelHeight" : null,
                    "fillImagePixelWidth" : null,
                    "fillImageResize" : "fill",
                    "fillType" : "color",
                    "height" : 172,
                    "id" : "IDvQHNteb",
                    "lineCap" : "butt",
                    "lineJoin" : "miter",
                    "locked" : false,
                    "name" : "Polygon",
                    "opacity" : 1,
                    "originalid" : null,
                    "parentid" : "ACMCFHahF",
                    "pathClosed" : true,
                    "pathSegments" : [
                      {
                        "__class" : "PathSegment",
                        "handleInX" : 0,
                        "handleInY" : 0,
                        "handleMirroring" : "straight",
                        "handleOutX" : 0,
                        "handleOutY" : 0,
                        "radius" : 0,
                        "x" : 86,
                        "y" : 0
                      },
                      {
                        "__class" : "PathSegment",
                        "handleInX" : 0,
                        "handleInY" : 0,
                        "handleMirroring" : "straight",
                        "handleOutX" : 0,
                        "handleOutY" : 0,
                        "radius" : 0,
                        "x" : 167.79086040138321,
                        "y" : 59.424538483754517
                      },
                      {
                        "__class" : "PathSegment",
                        "handleInX" : 0,
                        "handleInY" : 0,
                        "handleMirroring" : "straight",
                        "handleOutX" : 0,
                        "handleOutY" : 0,
                        "radius" : 0,
                        "x" : 136.5495316971527,
                        "y" : 155.57546151624547
                      },
                      {
                        "__class" : "PathSegment",
                        "handleInX" : 0,
                        "handleInY" : 0,
                        "handleMirroring" : "straight",
                        "handleOutX" : 0,
                        "handleOutY" : 0,
                        "radius" : 0,
                        "x" : 35.45046830284732,
                        "y" : 155.57546151624547
                      },
                      {
                        "__class" : "PathSegment",
                        "handleInX" : 0,
                        "handleInY" : 0,
                        "handleMirroring" : "straight",
                        "handleOutX" : 0,
                        "handleOutY" : 0,
                        "radius" : 0,
                        "x" : 4.2091395986167868,
                        "y" : 59.424538483754539
                      }
                    ],
                    "rotation" : 0,
                    "strokeAlignment" : "center",
                    "strokeColor" : "rgba(0,0,0,1)",
                    "strokeDashArray" : "0",
                    "strokeDashOffset" : 0,
                    "strokeEnabled" : 0,
                    "strokeMiterLimit" : 10,
                    "strokeWidth" : 1,
                    "visible" : true,
                    "width" : 172,
                    "x" : 0,
                    "y" : 0
                  }
                ],
                "constraintsLocked" : false,
                "exportIncludesBackground" : false,
                "exportOptions" : [

                ],
                "fillColor" : "#FFF",
                "fillEnabled" : false,
                "fillGradient" : {
                  "__class" : "LinearGradient",
                  "alpha" : 1,
                  "angle" : 0,
                  "end" : "rgba(0,0,0,0)",
                  "start" : "black"
                },
                "fillImage" : null,
                "fillImagePixelHeight" : null,
                "fillImagePixelWidth" : null,
                "fillImageResize" : "fill",
                "fillType" : "color",
                "height" : 172,
                "heightType" : 0,
                "id" : "ACMCFHahF",
                "left" : -29,
                "locked" : false,
                "name" : null,
                "navigationTarget" : null,
                "navigationTransition" : "push",
                "navigationTransitionDirection" : "left",
                "originalid" : null,
                "parentid" : "SjvCOJNYh",
                "radius" : 0,
                "radiusBottomLeft" : 0,
                "radiusBottomRight" : 0,
                "radiusPerCorner" : false,
                "radiusTopLeft" : 0,
                "radiusTopRight" : 0,
                "right" : null,
                "rotation" : 0,
                "top" : 245,
                "visible" : true,
                "width" : 172,
                "widthType" : 0
              },
              {
                "__class" : "ShapeContainerNode",
                "aspectRatio" : null,
                "autoSize" : true,
                "bottom" : null,
                "centerAnchorX" : 0,
                "centerAnchorY" : 0,
                "children" : [
                  {
                    "__class" : "PathNode",
                    "aspectRatio" : null,
                    "boxShadows" : [

                    ],
                    "exportOptions" : [

                    ],
                    "fillColor" : "rgba(126,211,33,1)",
                    "fillEnabled" : true,
                    "fillGradient" : {
                      "__class" : "LinearGradient",
                      "alpha" : 1,
                      "angle" : 0,
                      "end" : "rgba(0,0,0,0)",
                      "start" : "black"
                    },
                    "fillImage" : null,
                    "fillImagePixelHeight" : null,
                    "fillImagePixelWidth" : null,
                    "fillImageResize" : "fill",
                    "fillType" : "color",
                    "height" : 172,
                    "id" : "MlkZJRkjQ",
                    "lineCap" : "butt",
                    "lineJoin" : "miter",
                    "locked" : false,
                    "name" : "Polygon",
                    "opacity" : 1,
                    "originalid" : null,
                    "parentid" : "bv6PU4q7Z",
                    "pathClosed" : true,
                    "pathSegments" : [
                      {
                        "__class" : "PathSegment",
                        "handleInX" : 0,
                        "handleInY" : 0,
                        "handleMirroring" : "straight",
                        "handleOutX" : 0,
                        "handleOutY" : 0,
                        "radius" : 0,
                        "x" : 86,
                        "y" : 0
                      },
                      {
                        "__class" : "PathSegment",
                        "handleInX" : 0,
                        "handleInY" : 0,
                        "handleMirroring" : "straight",
                        "handleOutX" : 0,
                        "handleOutY" : 0,
                        "radius" : 0,
                        "x" : 167.79086040138321,
                        "y" : 59.424538483754517
                      },
                      {
                        "__class" : "PathSegment",
                        "handleInX" : 0,
                        "handleInY" : 0,
                        "handleMirroring" : "straight",
                        "handleOutX" : 0,
                        "handleOutY" : 0,
                        "radius" : 0,
                        "x" : 136.5495316971527,
                        "y" : 155.57546151624547
                      },
                      {
                        "__class" : "PathSegment",
                        "handleInX" : 0,
                        "handleInY" : 0,
                        "handleMirroring" : "straight",
                        "handleOutX" : 0,
                        "handleOutY" : 0,
                        "radius" : 0,
                        "x" : 35.45046830284732,
                        "y" : 155.57546151624547
                      },
                      {
                        "__class" : "PathSegment",
                        "handleInX" : 0,
                        "handleInY" : 0,
                        "handleMirroring" : "straight",
                        "handleOutX" : 0,
                        "handleOutY" : 0,
                        "radius" : 0,
                        "x" : 4.2091395986167868,
                        "y" : 59.424538483754539
                      }
                    ],
                    "rotation" : 0,
                    "strokeAlignment" : "center",
                    "strokeColor" : "rgba(0,0,0,1)",
                    "strokeDashArray" : "0",
                    "strokeDashOffset" : 0,
                    "strokeEnabled" : 0,
                    "strokeMiterLimit" : 10,
                    "strokeWidth" : 1,
                    "visible" : true,
                    "width" : 172,
                    "x" : 0,
                    "y" : 0
                  }
                ],
                "constraintsLocked" : false,
                "exportIncludesBackground" : false,
                "exportOptions" : [

                ],
                "fillColor" : "#FFF",
                "fillEnabled" : false,
                "fillGradient" : {
                  "__class" : "LinearGradient",
                  "alpha" : 1,
                  "angle" : 0,
                  "end" : "rgba(0,0,0,0)",
                  "start" : "black"
                },
                "fillImage" : null,
                "fillImagePixelHeight" : null,
                "fillImagePixelWidth" : null,
                "fillImageResize" : "fill",
                "fillType" : "color",
                "height" : 172,
                "heightType" : 0,
                "id" : "bv6PU4q7Z",
                "left" : 75,
                "locked" : false,
                "name" : null,
                "navigationTarget" : null,
                "navigationTransition" : "push",
                "navigationTransitionDirection" : "left",
                "originalid" : null,
                "parentid" : "SjvCOJNYh",
                "radius" : 0,
                "radiusBottomLeft" : 0,
                "radiusBottomRight" : 0,
                "radiusPerCorner" : false,
                "radiusTopLeft" : 0,
                "radiusTopRight" : 0,
                "right" : null,
                "rotation" : 0,
                "top" : 245,
                "visible" : true,
                "width" : 172,
                "widthType" : 0
              },
              {
                "__class" : "ShapeContainerNode",
                "aspectRatio" : null,
                "autoSize" : true,
                "bottom" : null,
                "centerAnchorX" : 0,
                "centerAnchorY" : 0,
                "children" : [
                  {
                    "__class" : "PathNode",
                    "aspectRatio" : null,
                    "boxShadows" : [

                    ],
                    "exportOptions" : [

                    ],
                    "fillColor" : "rgba(126,211,33,1)",
                    "fillEnabled" : true,
                    "fillGradient" : {
                      "__class" : "LinearGradient",
                      "alpha" : 1,
                      "angle" : 0,
                      "end" : "rgba(0,0,0,0)",
                      "start" : "black"
                    },
                    "fillImage" : null,
                    "fillImagePixelHeight" : null,
                    "fillImagePixelWidth" : null,
                    "fillImageResize" : "fill",
                    "fillType" : "color",
                    "height" : 172,
                    "id" : "atSBNzdAv",
                    "lineCap" : "butt",
                    "lineJoin" : "miter",
                    "locked" : false,
                    "name" : "Polygon",
                    "opacity" : 1,
                    "originalid" : null,
                    "parentid" : "DGYMKyL0Y",
                    "pathClosed" : true,
                    "pathSegments" : [
                      {
                        "__class" : "PathSegment",
                        "handleInX" : 0,
                        "handleInY" : 0,
                        "handleMirroring" : "straight",
                        "handleOutX" : 0,
                        "handleOutY" : 0,
                        "radius" : 0,
                        "x" : 86,
                        "y" : 0
                      },
                      {
                        "__class" : "PathSegment",
                        "handleInX" : 0,
                        "handleInY" : 0,
                        "handleMirroring" : "straight",
                        "handleOutX" : 0,
                        "handleOutY" : 0,
                        "radius" : 0,
                        "x" : 167.79086040138321,
                        "y" : 59.424538483754517
                      },
                      {
                        "__class" : "PathSegment",
                        "handleInX" : 0,
                        "handleInY" : 0,
                        "handleMirroring" : "straight",
                        "handleOutX" : 0,
                        "handleOutY" : 0,
                        "radius" : 0,
                        "x" : 136.5495316971527,
                        "y" : 155.57546151624547
                      },
                      {
                        "__class" : "PathSegment",
                        "handleInX" : 0,
                        "handleInY" : 0,
                        "handleMirroring" : "straight",
                        "handleOutX" : 0,
                        "handleOutY" : 0,
                        "radius" : 0,
                        "x" : 35.45046830284732,
                        "y" : 155.57546151624547
                      },
                      {
                        "__class" : "PathSegment",
                        "handleInX" : 0,
                        "handleInY" : 0,
                        "handleMirroring" : "straight",
                        "handleOutX" : 0,
                        "handleOutY" : 0,
                        "radius" : 0,
                        "x" : 4.2091395986167868,
                        "y" : 59.424538483754539
                      }
                    ],
                    "rotation" : 0,
                    "strokeAlignment" : "center",
                    "strokeColor" : "rgba(0,0,0,1)",
                    "strokeDashArray" : "0",
                    "strokeDashOffset" : 0,
                    "strokeEnabled" : 0,
                    "strokeMiterLimit" : 10,
                    "strokeWidth" : 1,
                    "visible" : true,
                    "width" : 172,
                    "x" : 0,
                    "y" : 0
                  }
                ],
                "constraintsLocked" : false,
                "exportIncludesBackground" : false,
                "exportOptions" : [

                ],
                "fillColor" : "#FFF",
                "fillEnabled" : false,
                "fillGradient" : {
                  "__class" : "LinearGradient",
                  "alpha" : 1,
                  "angle" : 0,
                  "end" : "rgba(0,0,0,0)",
                  "start" : "black"
                },
                "fillImage" : null,
                "fillImagePixelHeight" : null,
                "fillImagePixelWidth" : null,
                "fillImageResize" : "fill",
                "fillType" : "color",
                "height" : 172,
                "heightType" : 0,
                "id" : "DGYMKyL0Y",
                "left" : 175,
                "locked" : false,
                "name" : null,
                "navigationTarget" : null,
                "navigationTransition" : "push",
                "navigationTransitionDirection" : "left",
                "originalid" : null,
                "parentid" : "SjvCOJNYh",
                "radius" : 0,
                "radiusBottomLeft" : 0,
                "radiusBottomRight" : 0,
                "radiusPerCorner" : false,
                "radiusTopLeft" : 0,
                "radiusTopRight" : 0,
                "right" : null,
                "rotation" : 0,
                "top" : 245,
                "visible" : true,
                "width" : 172,
                "widthType" : 0
              },
              {
                "__class" : "ShapeContainerNode",
                "aspectRatio" : null,
                "autoSize" : true,
                "bottom" : null,
                "centerAnchorX" : 0,
                "centerAnchorY" : 0,
                "children" : [
                  {
                    "__class" : "PathNode",
                    "aspectRatio" : null,
                    "boxShadows" : [

                    ],
                    "exportOptions" : [

                    ],
                    "fillColor" : "rgba(126,211,33,1)",
                    "fillEnabled" : true,
                    "fillGradient" : {
                      "__class" : "LinearGradient",
                      "alpha" : 1,
                      "angle" : 0,
                      "end" : "rgba(0,0,0,0)",
                      "start" : "black"
                    },
                    "fillImage" : null,
                    "fillImagePixelHeight" : null,
                    "fillImagePixelWidth" : null,
                    "fillImageResize" : "fill",
                    "fillType" : "color",
                    "height" : 172,
                    "id" : "XNVewVyuc",
                    "lineCap" : "butt",
                    "lineJoin" : "miter",
                    "locked" : false,
                    "name" : "Polygon",
                    "opacity" : 1,
                    "originalid" : null,
                    "parentid" : "g1cHRVI3g",
                    "pathClosed" : true,
                    "pathSegments" : [
                      {
                        "__class" : "PathSegment",
                        "handleInX" : 0,
                        "handleInY" : 0,
                        "handleMirroring" : "straight",
                        "handleOutX" : 0,
                        "handleOutY" : 0,
                        "radius" : 0,
                        "x" : 86,
                        "y" : 0
                      },
                      {
                        "__class" : "PathSegment",
                        "handleInX" : 0,
                        "handleInY" : 0,
                        "handleMirroring" : "straight",
                        "handleOutX" : 0,
                        "handleOutY" : 0,
                        "radius" : 0,
                        "x" : 167.79086040138321,
                        "y" : 59.424538483754517
                      },
                      {
                        "__class" : "PathSegment",
                        "handleInX" : 0,
                        "handleInY" : 0,
                        "handleMirroring" : "straight",
                        "handleOutX" : 0,
                        "handleOutY" : 0,
                        "radius" : 0,
                        "x" : 136.5495316971527,
                        "y" : 155.57546151624547
                      },
                      {
                        "__class" : "PathSegment",
                        "handleInX" : 0,
                        "handleInY" : 0,
                        "handleMirroring" : "straight",
                        "handleOutX" : 0,
                        "handleOutY" : 0,
                        "radius" : 0,
                        "x" : 35.45046830284732,
                        "y" : 155.57546151624547
                      },
                      {
                        "__class" : "PathSegment",
                        "handleInX" : 0,
                        "handleInY" : 0,
                        "handleMirroring" : "straight",
                        "handleOutX" : 0,
                        "handleOutY" : 0,
                        "radius" : 0,
                        "x" : 4.2091395986167868,
                        "y" : 59.424538483754539
                      }
                    ],
                    "rotation" : 0,
                    "strokeAlignment" : "center",
                    "strokeColor" : "rgba(0,0,0,1)",
                    "strokeDashArray" : "0",
                    "strokeDashOffset" : 0,
                    "strokeEnabled" : 0,
                    "strokeMiterLimit" : 10,
                    "strokeWidth" : 1,
                    "visible" : true,
                    "width" : 172,
                    "x" : 0,
                    "y" : 0
                  }
                ],
                "constraintsLocked" : false,
                "exportIncludesBackground" : false,
                "exportOptions" : [

                ],
                "fillColor" : "#FFF",
                "fillEnabled" : false,
                "fillGradient" : {
                  "__class" : "LinearGradient",
                  "alpha" : 1,
                  "angle" : 0,
                  "end" : "rgba(0,0,0,0)",
                  "start" : "black"
                },
                "fillImage" : null,
                "fillImagePixelHeight" : null,
                "fillImagePixelWidth" : null,
                "fillImageResize" : "fill",
                "fillType" : "color",
                "height" : 172,
                "heightType" : 0,
                "id" : "g1cHRVI3g",
                "left" : 279,
                "locked" : false,
                "name" : null,
                "navigationTarget" : null,
                "navigationTransition" : "push",
                "navigationTransitionDirection" : "left",
                "originalid" : null,
                "parentid" : "SjvCOJNYh",
                "radius" : 0,
                "radiusBottomLeft" : 0,
                "radiusBottomRight" : 0,
                "radiusPerCorner" : false,
                "radiusTopLeft" : 0,
                "radiusTopRight" : 0,
                "right" : null,
                "rotation" : 0,
                "top" : 245,
                "visible" : true,
                "width" : 172,
                "widthType" : 0
              },
              {
                "__class" : "TextNode",
                "autoSize" : true,
                "blur" : 12,
                "blurEnabled" : 0,
                "blurType" : "layer",
                "bottom" : null,
                "brightness" : 100,
                "brightnessEnabled" : 0,
                "centerAnchorX" : 0,
                "centerAnchorY" : 0,
                "codeOverrideEnabled" : false,
                "constraintsLocked" : false,
                "contrast" : 100,
                "contrastEnabled" : 0,
                "exportOptions" : [

                ],
                "grayscale" : 0,
                "grayScaleEnabled" : 0,
                "height" : 22,
                "heightType" : 0,
                "hueRotate" : 0,
                "hueRotateEnabled" : 0,
                "id" : "RaLuAOok_",
                "invert" : 0,
                "invertEnabled" : 0,
                "isTarget" : false,
                "left" : 108,
                "locked" : false,
                "name" : "Sketch import",
                "opacity" : 1,
                "originalid" : null,
                "parentid" : "SjvCOJNYh",
                "right" : null,
                "rotation" : 0,
                "saturate" : 100,
                "saturateEnabled" : 0,
                "sepia" : 0,
                "sepiaEnabled" : 0,
                "shadows" : [

                ],
                "styledText" : {
                  "__class" : "StyledTextDraft",
                  "blocks" : [
                    {
                      "data" : {
                        "emptyStyle" : [
                          "FONT:Arial-BoldMT",
                          "COLOR:rgb(238, 236, 231)",
                          "SIZE:20",
                          "LETTERSPACING:0.0",
                          "ALIGN:center"
                        ]
                      },
                      "depth" : 0,
                      "entityRanges" : [

                      ],
                      "inlineStyleRanges" : [
                        {
                          "length" : 13,
                          "offset" : 0,
                          "style" : "FONT:Arial-BoldMT"
                        },
                        {
                          "length" : 13,
                          "offset" : 0,
                          "style" : "COLOR:rgb(238, 236, 231)"
                        },
                        {
                          "length" : 13,
                          "offset" : 0,
                          "style" : "SIZE:20"
                        },
                        {
                          "length" : 13,
                          "offset" : 0,
                          "style" : "LETTERSPACING:0.0"
                        },
                        {
                          "length" : 13,
                          "offset" : 0,
                          "style" : "ALIGN:center"
                        }
                      ],
                      "key" : "4fv3q",
                      "text" : "Sketch import",
                      "type" : "unstyled"
                    }
                  ],
                  "cached" : {
                    "html" : "<div class='DraftEditor-alignCenter'><div data-offset-key=\"4fv3q-0-0\" class=\"public-DraftStyleDefault-block public-DraftStyleDefault-ltr\"><span data-offset-key=\"4fv3q-0-0\" style=\"tab-size:4;font-weight:700;font-family:&quot;Arial-BoldMT&quot;, &quot;Arial&quot;, sans-serif;-webkit-text-fill-color:rgb(238, 236, 231);font-size:20px;letter-spacing:0.0px;line-height:1.2\"><span data-text=\"true\">Sketch import<\/span><\/span><\/div><\/div>",
                    "os" : "10_13",
                    "size" : {
                      "height" : 24,
                      "width" : 135
                    },
                    "width" : 0
                  },
                  "entityMap" : {

                  }
                },
                "top" : 310,
                "visible" : true,
                "width" : 134,
                "widthType" : 0
              }
            ],
            "clip" : true,
            "codeOverrideEnabled" : false,
            "constraintsLocked" : false,
            "contrast" : 100,
            "contrastEnabled" : 0,
            "deviceType" : null,
            "exportOptions" : [

            ],
            "fillColor" : "rgba(255,255,255,1)",
            "fillEnabled" : true,
            "fillGradient" : {
              "__class" : "LinearGradient",
              "alpha" : 1,
              "angle" : 0,
              "end" : "rgba(0,0,0,0)",
              "start" : "black"
            },
            "fillImage" : null,
            "fillImagePixelHeight" : null,
            "fillImagePixelWidth" : null,
            "fillImageResize" : "fill",
            "fillType" : "color",
            "grayscale" : 0,
            "grayScaleEnabled" : 0,
            "height" : 350,
            "heightType" : 0,
            "hueRotate" : 0,
            "hueRotateEnabled" : 0,
            "id" : "SjvCOJNYh",
            "intrinsicHeight" : null,
            "intrinsicWidth" : null,
            "invert" : 0,
            "invertEnabled" : 0,
            "isExternalMaster" : null,
            "isMaster" : false,
            "isTarget" : false,
            "left" : 1016,
            "locked" : false,
            "name" : "Artboard",
            "navigationTarget" : null,
            "navigationTransition" : "push",
            "navigationTransitionDirection" : "left",
            "opacity" : 1,
            "originalid" : null,
            "parentid" : "pdedfTrJJ",
            "previewSettings" : null,
            "radius" : 0,
            "radiusBottomLeft" : 0,
            "radiusBottomRight" : 0,
            "radiusIsRelative" : false,
            "radiusPerCorner" : false,
            "radiusTopLeft" : 0,
            "radiusTopRight" : 0,
            "replicaInfo" : null,
            "right" : null,
            "rotation" : 0,
            "saturate" : 100,
            "saturateEnabled" : 0,
            "sepia" : 0,
            "sepiaEnabled" : 0,
            "top" : -18,
            "visible" : true,
            "width" : 350,
            "widthType" : 0
          }
        ],
        "clip" : true,
        "codeOverrideEnabled" : false,
        "constraintsLocked" : false,
        "contrast" : 100,
        "contrastEnabled" : 0,
        "deviceType" : "framer\/FramerAppleIPhoneX",
        "exportOptions" : [

        ],
        "fillColor" : "rgba(255,255,255,1)",
        "fillEnabled" : true,
        "fillGradient" : {
          "__class" : "LinearGradient",
          "alpha" : 1,
          "angle" : 0,
          "end" : "rgba(0,0,0,0)",
          "start" : "black"
        },
        "fillImage" : null,
        "fillImagePixelHeight" : null,
        "fillImagePixelWidth" : null,
        "fillImageResize" : "fill",
        "fillType" : "color",
        "grayscale" : 0,
        "grayScaleEnabled" : 0,
        "height" : 812,
        "heightType" : 0,
        "hueRotate" : 0,
        "hueRotateEnabled" : 0,
        "id" : "pdedfTrJJ",
        "intrinsicHeight" : null,
        "intrinsicWidth" : null,
        "invert" : 0,
        "invertEnabled" : 0,
        "isExternalMaster" : null,
        "isMaster" : false,
        "isTarget" : false,
        "left" : 475,
        "locked" : false,
        "name" : null,
        "navigationTarget" : null,
        "navigationTransition" : "push",
        "navigationTransitionDirection" : "left",
        "opacity" : 1,
        "originalid" : null,
        "parentid" : "jlZfhni0y",
        "previewSettings" : null,
        "radius" : 0,
        "radiusBottomLeft" : 0,
        "radiusBottomRight" : 0,
        "radiusIsRelative" : false,
        "radiusPerCorner" : false,
        "radiusTopLeft" : 0,
        "radiusTopRight" : 0,
        "replicaInfo" : null,
        "right" : null,
        "rotation" : 0,
        "saturate" : 100,
        "saturateEnabled" : 0,
        "sepia" : 0,
        "sepiaEnabled" : 0,
        "top" : 0,
        "visible" : true,
        "width" : 375,
        "widthType" : 0
      }
    ],
    "id" : "jlZfhni0y",
    "name" : null,
    "originalid" : null,
    "parentid" : null,
    "visible" : false
  },
  "version" : 47
}